shipment_id,date,buyer_name,buyer_country,product_description,hs_code,quantity,unit_price_usd,total_fob_usd,currency,freight_cost_usd,insurance_usd,incoterm,port_of_loading,port_of_discharge,shipping_line,container_type,transit_days,vessel_name,customs_status,drawback_rate_pct,drawback_amount_usd,payment_terms,payment_status,days_to_payment,freight_forwarder,cha_name
SHP-2025-0010,2025-09-01,Euro Trade GmbH,Germany,Polypropylene Granules Industrial,39021000,7990,1.25,9987.5,USD,2010.66,19.98,CIF,INMUN1,DEHAM,MSC,40ft,28,Maersk Elba,pending,1.5,149.81,LC 30 days,received,23.0,DB Schenker,TradeEase CHA
SHP-2025-0077,2025-09-03,Global Mart Inc,USA,Stainless Steel Kitchen Utensils,73239300,6779,4.17,28268.43,USD,1334.43,56.54,FOB,INMUN1,USLAX,Hapag-Lloyd,20ft,24,Hapag Express,approved,2.0,565.37,LC 60 days,received,52.0,DHL Global,XYZ Clearing
SHP-2025-0221,2025-09-03,Euro Trade GmbH,Germany,Basmati Rice Premium Grade,10063020,7637,1.44,10997.28,USD,2240.7,21.99,FOB,INMUN1,DEHAM,CMA CGM,40ft HC,26,Pacific Carrier,approved,1.0,109.97,LC 30 days,received,45.0,DB Schenker,XYZ Clearing
SHP-2025-0220,2025-09-05,African Goods Co,South Africa,Leather Wallet Genuine Cow Hide,42021200,448,7.18,3216.64,USD,1033.52,6.43,CIF,INMUN1,ZACPT,Maersk,20ft,16,Maersk Taurus,approved,1.8,57.9,LC 90 days,pending,,DB Schenker,TradeEase CHA
SHP-2025-0171,2025-09-05,African Goods Co,South Africa,Automobile Brake Pads,87083010,5448,22.25,121218.0,USD,996.91,242.44,FOB,INMUN1,ZACPT,Hapag-Lloyd,20ft,21,Maersk Elba,pending,3.0,3636.54,LC 90 days,received,58.0,Expeditors,XYZ Clearing
SHP-2025-0236,2025-09-06,London Imports Ltd,UK,Cotton T-shirts 100% knitted,61091000,3875,5.3,20537.5,USD,1989.81,41.08,CFR,INNSA1,GBFXT,CMA CGM,40ft,24,MSC Gulsun,approved,2.0,410.75,LC 60 days,received,35.0,Allcargo,XYZ Clearing
SHP-2025-0074,2025-09-07,Nippon Commerce KK,Japan,Stainless Steel Kitchen Utensils,73239300,6366,4.79,30493.14,USD,835.86,60.99,FOB,INMUN1,JPTYO,Hapag-Lloyd,20ft,21,Atlantic Voyager,approved,2.0,609.86,LC 30 days,received,34.0,Kuehne Nagel,ABC Customs
SHP-2025-0082,2025-09-09,London Imports Ltd,UK,Basmati Rice Premium Grade,10063020,7010,1.58,11075.8,USD,0.0,22.15,EXW,INNSA1,GBFXT,CMA CGM,20ft,21,MSC Gulsun,approved,1.0,110.76,LC 60 days,received,63.0,DHL Global,ABC Customs
SHP-2025-0175,2025-09-10,London Imports Ltd,UK,Cotton T-shirts 100% knitted,61091000,2866,5.76,16508.16,USD,1214.57,33.02,FOB,INNSA1,GBFXT,ONE,20ft,28,CMA CGM Libra,approved,2.0,330.16,LC 60 days,received,62.0,Allcargo,ABC Customs
SHP-2025-0139,2025-09-10,African Goods Co,South Africa,Leather Wallet Genuine Cow Hide,42021200,5946,11.19,66535.74,USD,808.67,133.07,CFR,INMUN1,ZACPT,Maersk,20ft,25,Maersk Taurus,rejected,1.8,0.0,LC 90 days,received,70.0,Allcargo,TradeEase CHA
SHP-2025-0063,2025-09-11,African Goods Co,South Africa,Industrial Centrifugal Pump,84137000,5184,424.09,2198482.56,USD,1888.07,4396.97,FOB,INMUN1,ZACPT,MSC,40ft HC,24,MSC Aurora,approved,3.5,76946.89,LC 90 days,received,60.0,Allcargo,XYZ Clearing
SHP-2025-0041,2025-09-11,Pacific Traders Pty,Australia,Stainless Steel Kitchen Utensils,73239300,7536,4.26,32103.36,USD,1585.44,64.21,FOB,INMUN1,AUMEL,ONE,40ft,18,Atlantic Voyager,approved,2.0,642.07,Open Account 45 days,received,35.0,DB Schenker,TradeEase CHA
SHP-2025-0106,2025-09-12,Pacific Traders Pty,Australia,Pharmaceutical Tablets Generic,30049099,5714,0.09,514.26,USD,1990.49,1.03,FOB,INMUN1,AUMEL,CMA CGM,40ft HC,18,MSC Aurora,approved,2.5,12.86,Open Account 45 days,received,36.0,DB Schenker,TradeEase CHA
SHP-2025-0014,2025-09-13,Nippon Commerce KK,Japan,Polypropylene Granules Industrial,39021000,4056,1.45,5881.2,USD,951.79,11.76,FOB,INMUN1,JPTYO,CMA CGM,20ft,17,CMA CGM Marco Polo,approved,1.5,88.22,LC 30 days,received,44.0,Expeditors,XYZ Clearing
SHP-2025-0163,2025-09-14,Gulf Distributors LLC,UAE,Black Pepper Ground Organic,09041100,3366,6.4,21542.4,USD,0.0,43.08,EXW,INMUN1,AEJEA,Hapag-Lloyd,40ft,10,Hapag Express,approved,1.0,215.42,Advance,received,30.0,Kuehne Nagel,TradeEase CHA
SHP-2025-0160,2025-09-14,SG Merchants Pte,Singapore,LED Street Light Fixtures,94054090,5214,61.64,321390.96,USD,769.78,642.78,CIF,INMAA1,SGSIN,CMA CGM,40ft,10,MSC Aurora,approved,3.0,9641.73,LC 30 days,received,23.0,DHL Global,TradeEase CHA
SHP-2025-0245,2025-09-15,Euro Trade GmbH,Germany,Industrial Centrifugal Pump,84137000,5028,418.33,2103363.24,USD,1232.19,4206.73,FOB,INMUN1,DEHAM,Hapag-Lloyd,20ft,26,Indian Ocean Star,approved,3.5,73617.71,LC 30 days,pending,,Kuehne Nagel,ABC Customs
SHP-2025-0172,2025-09-18,Pacific Traders Pty,Australia,Cotton T-shirts 100% knitted,61091000,3249,6.34,20598.66,USD,1418.18,41.2,CIF,INMUN1,AUMEL,Maersk,40ft,23,Ever Given II,approved,2.0,411.97,Open Account 45 days,received,33.0,Allcargo,XYZ Clearing
SHP-2025-0060,2025-09-18,Nippon Commerce KK,Japan,Embroidered Saree Silk,62114900,6560,54.81,359553.6,USD,0.0,719.11,EXW,INMUN1,JPTYO,CMA CGM,40ft HC,21,ONE Cosmos,pending,2.0,7191.07,LC 30 days,received,25.0,DB Schenker,ABC Customs
SHP-2025-0239,2025-09-18,African Goods Co,South Africa,Leather Wallet Genuine Cow Hide,42021200,1818,8.08,14689.44,USD,993.19,29.38,FOB,INMUN1,ZACPT,Hapag-Lloyd,20ft,20,MSC Gulsun,approved,1.8,264.41,LC 90 days,received,48.0,DB Schenker,TradeEase CHA
SHP-2025-0142,2025-09-19,SG Merchants Pte,Singapore,Polypropylene Granules Industrial,39021000,7409,1.07,7927.63,USD,761.39,15.86,FOB,INMAA1,SGSIN,Hapag-Lloyd,40ft,13,MSC Gulsun,approved,1.5,118.91,LC 30 days,received,17.0,Kuehne Nagel,TradeEase CHA
SHP-2025-0176,2025-09-19,Global Mart Inc,USA,LED Street Light Fixtures,94054090,1259,89.33,112466.47,USD,1387.91,224.93,CFR,INMUN1,USLAX,MSC,20ft,24,Atlantic Voyager,approved,3.0,3373.99,LC 60 days,received,28.0,DHL Global,XYZ Clearing
SHP-2025-0101,2025-09-21,Global Mart Inc,USA,Industrial Centrifugal Pump,84137000,2950,610.33,1800473.5,USD,0.0,3600.95,EXW,INMUN1,USLAX,Maersk,40ft,27,Atlantic Voyager,approved,3.5,63016.57,LC 60 days,pending,,Expeditors,ABC Customs
SHP-2025-0173,2025-09-21,African Goods Co,South Africa,Handcrafted Brass Figurines,83062910,5406,10.03,54222.18,USD,1465.06,108.44,FOB,INMUN1,ZACPT,CMA CGM,40ft HC,19,Maersk Elba,approved,1.5,813.33,LC 90 days,received,45.0,DHL Global,TradeEase CHA
SHP-2025-0207,2025-09-22,African Goods Co,South Africa,Embroidered Saree Silk,62114900,5601,53.6,300213.6,USD,1646.16,600.43,FOB,INMUN1,ZACPT,CMA CGM,40ft HC,25,MSC Gulsun,approved,2.0,6004.27,LC 90 days,pending,,Kuehne Nagel,TradeEase CHA
SHP-2025-0024,2025-09-24,London Imports Ltd,UK,Pharmaceutical Tablets Generic,30049099,7336,0.07,513.52,USD,1851.17,1.03,FOB,INNSA1,GBFXT,Maersk,40ft,29,Maersk Taurus,approved,2.5,12.84,LC 60 days,overdue,117.0,DB Schenker,XYZ Clearing
SHP-2025-0092,2025-09-25,Euro Trade GmbH,Germany,Cotton T-shirts 100% knitted,61091000,6941,6.28,43589.48,USD,1223.25,87.18,FOB,INMUN1,DEHAM,Hapag-Lloyd,20ft,28,Atlantic Voyager,approved,2.0,871.79,LC 30 days,received,42.0,Expeditors,TradeEase CHA
SHP-2025-0177,2025-09-25,African Goods Co,South Africa,Polypropylene Granules Industrial,39021000,1498,1.39,2082.22,USD,1040.57,4.16,FOB,INMUN1,ZACPT,MSC,20ft,23,MSC Gulsun,approved,1.5,31.23,LC 90 days,received,44.0,DB Schenker,TradeEase CHA
SHP-2025-0146,2025-09-27,Nippon Commerce KK,Japan,LED Street Light Fixtures,94054090,6627,66.42,440165.34,USD,0.0,880.33,EXW,INMUN1,JPTYO,MSC,40ft HC,22,CMA CGM Marco Polo,approved,3.0,13204.96,LC 30 days,received,44.0,Kuehne Nagel,XYZ Clearing
SHP-2025-0246,2025-09-29,Euro Trade GmbH,Germany,Stainless Steel Kitchen Utensils,73239300,5541,4.36,24158.76,USD,0.0,48.32,EXW,INMUN1,DEHAM,CMA CGM,40ft HC,24,Pacific Carrier,approved,2.0,483.18,LC 30 days,partial,32.0,Expeditors,TradeEase CHA
SHP-2025-0183,2025-09-29,Gulf Distributors LLC,UAE,Embroidered Saree Silk,62114900,7012,53.96,378367.52,USD,699.48,756.74,FOB,INMUN1,AEJEA,Hapag-Lloyd,40ft,6,Hapag Express,approved,2.0,7567.35,Advance,received,24.0,DB Schenker,TradeEase CHA
SHP-2025-0107,2025-09-29,SG Merchants Pte,Singapore,Black Pepper Ground Organic,09041100,3959,4.59,18171.81,USD,589.6,36.34,FOB,INMAA1,SGSIN,ONE,20ft,12,Indian Ocean Star,approved,1.0,181.72,LC 30 days,received,30.0,Kuehne Nagel,TradeEase CHA
SHP-2025-0105,2025-09-29,Nippon Commerce KK,Japan,Leather Wallet Genuine Cow Hide,42021200,3092,8.09,25014.28,USD,1382.37,50.03,CIF,INMUN1,JPTYO,Hapag-Lloyd,40ft,19,Pacific Carrier,approved,1.8,450.26,LC 30 days,received,51.0,Kuehne Nagel,XYZ Clearing
SHP-2025-0044,2025-10-01,Pacific Traders Pty,Australia,Leather Wallet Genuine Cow Hide,42021200,6745,7.98,53825.1,USD,994.45,107.65,FOB,INMUN1,AUMEL,Maersk,20ft,21,ONE Cosmos,approved,1.8,968.85,Open Account 45 days,received,45.0,DHL Global,ABC Customs
SHP-2025-0224,2025-10-02,African Goods Co,South Africa,Basmati Rice Premium Grade,10063020,4357,1.02,4444.14,USD,1592.13,8.89,CIF,INMUN1,ZACPT,CMA CGM,40ft,16,Maersk Elba,approved,1.0,44.44,LC 90 days,received,54.0,Allcargo,TradeEase CHA
SHP-2025-0188,2025-10-03,Global Mart Inc,USA,LED Street Light Fixtures,94054090,4758,63.58,302513.64,USD,1236.67,605.03,FOB,INMUN1,USLAX,CMA CGM,20ft,30,Pacific Carrier,approved,3.0,9075.41,LC 60 days,received,56.0,Kuehne Nagel,TradeEase CHA
SHP-2025-0005,2025-10-04,Global Mart Inc,USA,Automobile Brake Pads,87083010,949,18.66,17708.34,USD,2387.53,35.42,CIF,INMUN1,USLAX,ONE,40ft HC,31,MSC Aurora,approved,3.0,531.25,LC 60 days,received,39.0,Kuehne Nagel,XYZ Clearing
SHP-2025-0034,2025-10-05,Global Mart Inc,USA,Cotton T-shirts 100% knitted,61091000,2000,4.5,10800.0,USD,1363.39,96.06,CFR,INMUN1,JPTYO,MSC,40ft,18,Maersk Elba,approved,2.0,216.0,LC 30 days,pending,,DB Schenker,TradeEase CHA
SHP-2025-0080,2025-10-05,SG Merchants Pte,Singapore,Basmati Rice Premium Grade,10063020,5317,1.31,6965.27,USD,819.84,13.93,CIF,INMAA1,SGSIN,Maersk,40ft,9,CMA CGM Libra,approved,1.0,69.65,LC 30 days,received,32.0,DHL Global,XYZ Clearing
SHP-2025-0206,2025-10-06,Euro Trade GmbH,Germany,Handcrafted Brass Figurines,83062910,303,12.02,3642.06,USD,1082.17,7.28,FOB,INMUN1,DEHAM,MSC,20ft,21,Hapag Express,approved,1.5,54.63,LC 30 days,received,38.0,Kuehne Nagel,ABC Customs
SHP-2025-0031,2025-10-07,SG Merchants Pte,Singapore,Embroidered Saree Silk,62114900,7366,52.17,384284.22,USD,1023.49,768.57,CFR,INMAA1,SGSIN,Maersk,40ft HC,8,MSC Aurora,approved,2.0,7685.68,LC 30 days,received,18.0,Allcargo,TradeEase CHA
SHP-2025-0181,2025-10-07,SG Merchants Pte,Singapore,Stainless Steel Kitchen Utensils,73239300,3789,3.27,12390.03,USD,568.24,24.78,FOB,INMAA1,SGSIN,CMA CGM,20ft,9,Ever Given II,approved,2.0,247.8,LC 30 days,received,17.0,Expeditors,ABC Customs
SHP-2025-0228,2025-10-08,African Goods Co,South Africa,Basmati Rice Premium Grade,10063020,1100,1.13,1243.0,USD,1378.87,2.49,CFR,INMUN1,ZACPT,Hapag-Lloyd,40ft,16,Atlantic Voyager,approved,1.0,12.43,LC 90 days,received,44.0,DHL Global,ABC Customs
SHP-2025-0128,2025-10-08,Global Mart Inc,USA,Embroidered Saree Silk,62114900,2959,23.21,68678.39,USD,0.0,137.36,EXW,INMUN1,USLAX,Hapag-Lloyd,20ft,28,CMA CGM Libra,approved,2.0,1373.57,LC 60 days,received,31.0,Kuehne Nagel,TradeEase CHA
SHP-2025-0112,2025-10-09,London Imports Ltd,UK,Leather Wallet Genuine Cow Hide,42021200,5481,6.82,37380.42,USD,2074.02,74.76,CFR,INNSA1,GBFXT,MSC,40ft HC,29,Pacific Carrier,rejected,1.8,0.0,LC 60 days,received,48.0,Kuehne Nagel,XYZ Clearing
SHP-2025-0162,2025-10-10,African Goods Co,South Africa,Leather Wallet Genuine Cow Hide,42021200,6410,8.3,53203.0,USD,1669.49,106.41,CIF,INMUN1,ZACPT,Maersk,40ft HC,19,Atlantic Voyager,approved,1.8,957.65,LC 90 days,pending,,DB Schenker,ABC Customs
SHP-2025-0084,2025-10-11,Global Mart Inc,USA,LED Street Light Fixtures,94054090,7779,92.97,723213.63,USD,1296.39,1446.43,CIF,INMUN1,USLAX,MSC,20ft,27,Maersk Taurus,approved,3.0,21696.41,LC 60 days,received,49.0,Kuehne Nagel,TradeEase CHA
SHP-2025-0008,2025-10-11,African Goods Co,South Africa,Black Pepper Ground Organic,09041100,7222,5.16,37265.52,USD,1419.29,74.53,FOB,INMUN1,ZACPT,Hapag-Lloyd,40ft,20,MSC Gulsun,approved,1.0,372.66,LC 90 days,received,62.0,Kuehne Nagel,ABC Customs
SHP-2025-0040,2025-10-11,Gulf Distributors LLC,UAE,Polypropylene Granules Industrial,39021000,7871,1.22,9602.62,USD,428.31,19.21,FOB,INMUN1,AEJEA,Maersk,20ft,8,Hapag Express,approved,1.5,144.04,Advance,partial,25.0,DB Schenker,ABC Customs
SHP-2025-0222,2025-10-12,Pacific Traders Pty,Australia,Stainless Steel Kitchen Utensils,73239300,4771,2.38,11354.98,USD,1942.15,22.71,CIF,INMUN1,AUMEL,ONE,40ft HC,21,MSC Aurora,pending,2.0,227.1,Open Account 45 days,received,56.0,DHL Global,ABC Customs
SHP-2025-0118,2025-10-12,Pacific Traders Pty,Australia,Pharmaceutical Tablets Generic,30049099,364,0.09,32.76,USD,1127.63,0.07,CFR,INMUN1,AUMEL,MSC,20ft,21,Maersk Taurus,approved,2.5,0.82,Open Account 45 days,overdue,100.0,Kuehne Nagel,XYZ Clearing
SHP-2025-0215,2025-10-12,Global Mart Inc,USA,Handcrafted Brass Figurines,83062910,3058,12.2,37307.6,USD,1902.15,74.62,FOB,INMUN1,USLAX,MSC,40ft,34,Maersk Taurus,pending,1.5,559.61,LC 60 days,received,52.0,Allcargo,ABC Customs
SHP-2025-0047,2025-10-13,London Imports Ltd,UK,Black Pepper Ground Organic,09041100,4986,6.86,34203.96,USD,1204.33,68.41,FOB,INNSA1,GBFXT,ONE,20ft,20,Atlantic Voyager,approved,1.0,342.04,LC 60 days,pending,,Expeditors,ABC Customs
SHP-2025-0003,2025-10-15,Global Mart Inc,USA,Handcrafted Brass Figurines,83062910,3050,16.02,48861.0,USD,2151.16,97.72,FOB,INMUN1,USLAX,MSC,40ft,24,Ever Given II,approved,1.5,732.91,LC 60 days,received,48.0,DB Schenker,XYZ Clearing
SHP-2025-0219,2025-10-15,SG Merchants Pte,Singapore,Cotton T-shirts 100% knitted,61091000,6198,5.85,36258.3,USD,488.74,72.52,CIF,INMAA1,SGSIN,Maersk,20ft,13,MSC Gulsun,approved,2.0,725.17,LC 30 days,received,19.0,DHL Global,ABC Customs
SHP-2025-0161,2025-10-15,Gulf Distributors LLC,UAE,Embroidered Saree Silk,62114900,3758,34.2,128523.6,USD,371.35,257.05,CIF,INMUN1,AEJEA,CMA CGM,20ft,9,Maersk Taurus,approved,2.0,2570.47,Advance,received,19.0,Kuehne Nagel,TradeEase CHA
SHP-2025-0213,2025-10-16,African Goods Co,South Africa,LED Street Light Fixtures,94054090,5382,74.69,401981.58,USD,1025.44,803.96,FOB,INMUN1,ZACPT,ONE,20ft,17,MSC Gulsun,approved,3.0,12059.45,LC 90 days,received,57.0,DB Schenker,TradeEase CHA
SHP-2025-0132,2025-10-17,Pacific Traders Pty,Australia,LED Street Light Fixtures,94054090,2479,118.76,294406.04,USD,885.46,588.81,FOB,INMUN1,AUMEL,Hapag-Lloyd,20ft,19,MSC Gulsun,approved,3.0,8832.18,Open Account 45 days,received,51.0,DHL Global,XYZ Clearing
SHP-2025-0145,2025-10-17,London Imports Ltd,UK,Industrial Centrifugal Pump,84137000,3813,480.88,1833595.44,USD,1240.75,3667.19,FOB,INNSA1,GBFXT,ONE,20ft,27,Pacific Carrier,approved,3.5,64175.84,LC 60 days,received,46.0,Kuehne Nagel,TradeEase CHA
SHP-2025-0067,2025-10-18,Gulf Distributors LLC,UAE,Cotton T-shirts 100% knitted,61091000,5000,0.8,4000.0,USD,1437.42,28.27,FOB,INMUN1,JPTYO,Maersk,40ft,20,CMA CGM Libra,approved,2.0,80.0,LC 30 days,pending,,DB Schenker,TradeEase CHA
SHP-2025-0168,2025-10-18,SG Merchants Pte,Singapore,Handcrafted Brass Figurines,83062910,3925,14.6,57305.0,USD,572.9,114.61,CFR,INMAA1,SGSIN,CMA CGM,20ft,10,Hapag Express,approved,1.5,859.58,LC 30 days,received,36.0,Kuehne Nagel,ABC Customs
SHP-2025-0013,2025-10-19,London Imports Ltd,UK,Basmati Rice Premium Grade,10063020,6302,1.27,8003.54,USD,2367.67,16.01,CIF,INNSA1,GBFXT,MSC,40ft HC,27,Maersk Elba,approved,1.0,80.04,LC 60 days,received,51.0,DHL Global,TradeEase CHA
SHP-2025-0238,2025-10-25,SG Merchants Pte,Singapore,Handcrafted Brass Figurines,83062910,489,10.97,5364.33,USD,951.2,10.73,FOB,INMAA1,SGSIN,Maersk,40ft HC,13,Pacific Carrier,pending,1.5,80.46,LC 30 days,partial,33.0,DB Schenker,XYZ Clearing
SHP-2025-0100,2025-10-26,Euro Trade GmbH,Germany,LED Street Light Fixtures,94054090,2759,107.57,296785.63,USD,0.0,593.57,EXW,INMUN1,DEHAM,CMA CGM,20ft,30,MSC Aurora,approved,3.0,8903.57,LC 30 days,received,42.0,Allcargo,XYZ Clearing
SHP-2025-0046,2025-10-26,African Goods Co,South Africa,Polypropylene Granules Industrial,39021000,3961,1.41,5585.01,USD,870.02,11.17,FOB,INMUN1,ZACPT,MSC,20ft,18,Pacific Carrier,approved,1.5,83.78,LC 90 days,pending,,Allcargo,XYZ Clearing
SHP-2025-0103,2025-10-27,Nippon Commerce KK,Japan,Handcrafted Brass Figurines,83062910,6541,11.94,78099.54,USD,855.77,156.2,FOB,INMUN1,JPTYO,ONE,20ft,15,MSC Gulsun,approved,1.5,1171.49,LC 30 days,received,37.0,Kuehne Nagel,ABC Customs
SHP-2025-0196,2025-10-28,London Imports Ltd,UK,Industrial Centrifugal Pump,84137000,7455,408.23,3043354.65,USD,2100.29,6086.71,FOB,INNSA1,GBFXT,Maersk,40ft HC,25,Maersk Elba,approved,3.5,106517.41,LC 60 days,received,51.0,Allcargo,TradeEase CHA
SHP-2025-0230,2025-10-28,Gulf Distributors LLC,UAE,Basmati Rice Premium Grade,10063020,95000,1.2,114000.0,USD,1264.28,743.15,CIF,INMUN1,JPTYO,CMA CGM,40ft,15,Pacific Carrier,approved,3.0,1140.0,LC 30 days,received,54.0,Allcargo,TradeEase CHA
SHP-2025-0095,2025-10-30,Nippon Commerce KK,Japan,Pharmaceutical Tablets Generic,30049099,1682,0.1,168.2,USD,918.91,0.34,CFR,INMUN1,JPTYO,CMA CGM,20ft,21,Atlantic Voyager,approved,2.5,4.21,LC 30 days,partial,43.0,Expeditors,TradeEase CHA
SHP-2025-0227,2025-10-30,Nippon Commerce KK,Japan,LED Street Light Fixtures,94054090,4188,76.71,321261.48,USD,1727.67,642.52,CIF,INMUN1,JPTYO,Hapag-Lloyd,40ft HC,21,Maersk Elba,approved,3.0,9637.84,LC 30 days,received,55.0,Allcargo,XYZ Clearing
SHP-2025-0087,2025-10-30,London Imports Ltd,UK,Stainless Steel Kitchen Utensils,73239300,6559,3.88,25448.92,USD,2128.73,50.9,FOB,INNSA1,GBFXT,MSC,40ft,23,Hapag Express,approved,2.0,508.98,LC 60 days,received,58.0,DHL Global,XYZ Clearing
SHP-2025-0152,2025-10-31,Nippon Commerce KK,Japan,LED Street Light Fixtures,94054090,4934,83.66,412778.44,USD,1542.12,825.56,FOB,INMUN1,JPTYO,MSC,40ft,21,ONE Cosmos,approved,3.0,12383.35,LC 30 days,received,40.0,Allcargo,XYZ Clearing
SHP-2025-0126,2025-10-31,Pacific Traders Pty,Australia,Polypropylene Granules Industrial,39021000,5502,1.16,6382.32,USD,1572.1,12.76,CIF,INMUN1,AUMEL,ONE,40ft,18,ONE Cosmos,approved,1.5,95.73,Open Account 45 days,received,51.0,DHL Global,ABC Customs
SHP-2025-0247,2025-10-31,Nippon Commerce KK,Japan,Pharmaceutical Tablets Generic,30049099,1281,0.06,76.86,USD,1026.88,0.15,FOB,INMUN1,JPTYO,CMA CGM,20ft,19,Indian Ocean Star,rejected,2.5,0.0,LC 30 days,received,42.0,DHL Global,XYZ Clearing
SHP-2025-0062,2025-11-01,SG Merchants Pte,Singapore,Pharmaceutical Tablets Generic,30049099,1977,0.07,138.39,USD,605.5,0.28,FOB,INMAA1,SGSIN,Hapag-Lloyd,20ft,8,Pacific Carrier,approved,2.5,3.46,LC 30 days,received,45.0,DHL Global,TradeEase CHA
SHP-2025-0091,2025-11-01,London Imports Ltd,UK,LED Street Light Fixtures,94054090,618,99.5,61491.0,USD,2355.79,122.98,FOB,INNSA1,GBFXT,CMA CGM,40ft HC,27,MSC Gulsun,approved,3.0,1844.73,LC 60 days,received,44.0,DB Schenker,ABC Customs
SHP-2025-0025,2025-11-01,Pacific Traders Pty,Australia,Cotton T-shirts 100% knitted,61091000,5691,6.1,34715.1,USD,1799.65,69.43,CFR,INMUN1,AUMEL,ONE,40ft,24,Ever Given II,approved,2.0,694.3,Open Account 45 days,partial,32.0,Allcargo,TradeEase CHA
SHP-2025-0089,2025-11-03,Euro Trade GmbH,Germany,Cotton T-shirts 100% knitted,84713000,3000,4.5,13500.0,USD,2142.67,3679.66,FOB,INMUN1,DEHAM,Hapag-Lloyd,40ft HC,21,Atlantic Voyager,approved,3.5,64394.01,LC 30 days,received,27.0,Kuehne Nagel,ABC Customs
SHP-2025-0083,2025-11-03,Nippon Commerce KK,Japan,Black Pepper Ground Organic,09041100,2124,7.45,15823.8,USD,818.78,31.65,CIF,INMUN1,JPTYO,Hapag-Lloyd,20ft,16,Atlantic Voyager,approved,1.0,158.24,LC 30 days,overdue,76.0,DB Schenker,XYZ Clearing
SHP-2025-0190,2025-11-03,Pacific Traders Pty,Australia,Industrial Centrifugal Pump,84137000,3657,511.22,1869531.54,USD,2040.98,3739.06,CFR,INMUN1,AUMEL,ONE,40ft HC,18,MSC Aurora,approved,3.5,65433.6,Open Account 45 days,received,47.0,Expeditors,TradeEase CHA
SHP-2025-0050,2025-11-05,African Goods Co,South Africa,Pharmaceutical Tablets Generic,30049099,7555,0.14,1057.7,USD,1544.23,2.12,CIF,INMUN1,ZACPT,Maersk,40ft,20,Pacific Carrier,approved,2.5,26.44,LC 90 days,partial,67.0,Allcargo,ABC Customs
SHP-2025-0001,2025-11-07,Pacific Traders Pty,Australia,Industrial Centrifugal Pump,84137000,5862,455.22,2668499.64,USD,861.82,5337.0,FOB,INMUN1,AUMEL,Maersk,20ft,21,MSC Aurora,approved,3.5,93397.49,Open Account 45 days,received,39.0,DHL Global,ABC Customs
SHP-2025-0042,2025-11-07,Gulf Distributors LLC,UAE,Leather Wallet Genuine Cow Hide,42021200,5454,8.27,45104.58,USD,0.0,90.21,EXW,INMUN1,AEJEA,ONE,40ft HC,10,MSC Gulsun,approved,1.8,811.88,Advance,overdue,38.0,DB Schenker,XYZ Clearing
SHP-2025-0243,2025-11-08,SG Merchants Pte,Singapore,Embroidered Saree Silk,62114900,1415,30.46,43100.9,USD,902.42,86.2,FOB,INMAA1,SGSIN,CMA CGM,40ft HC,9,Maersk Elba,approved,2.0,862.02,LC 30 days,received,41.0,Expeditors,TradeEase CHA
SHP-2025-0081,2025-11-08,Gulf Distributors LLC,UAE,LED Street Light Fixtures,94054090,3691,103.63,382498.33,USD,350.82,765.0,FOB,INMUN1,AEJEA,Hapag-Lloyd,20ft,7,Ever Given II,approved,3.0,11474.95,Advance,received,43.0,Expeditors,TradeEase CHA
SHP-2025-0165,2025-11-09,London Imports Ltd,UK,Handcrafted Brass Figurines,83062910,2287,16.02,36637.74,USD,2040.29,73.28,FOB,INNSA1,GBFXT,ONE,40ft,23,Ever Given II,approved,1.5,549.57,LC 60 days,received,41.0,Kuehne Nagel,XYZ Clearing
SHP-2025-0169,2025-11-10,Global Mart Inc,USA,Leather Wallet Genuine Cow Hide,42021200,3283,8.0,26264.0,USD,0.0,52.53,EXW,INMUN1,USLAX,MSC,20ft,26,Pacific Carrier,approved,1.8,472.75,LC 60 days,received,57.0,Expeditors,ABC Customs
SHP-2025-0141,2025-11-10,Euro Trade GmbH,Germany,Cotton T-shirts 100% knitted,61091000,7950,5.18,41181.0,USD,1761.43,82.36,CIF,INMUN1,DEHAM,CMA CGM,40ft HC,29,Pacific Carrier,approved,2.0,823.62,LC 30 days,received,44.0,Kuehne Nagel,ABC Customs
SHP-2025-0136,2025-11-11,Global Mart Inc,USA,Industrial Centrifugal Pump,84137000,3173,526.75,1671377.75,USD,1429.81,3342.76,FOB,INMUN1,USLAX,CMA CGM,20ft,33,Indian Ocean Star,approved,3.5,58498.22,LC 60 days,partial,37.0,DHL Global,XYZ Clearing
SHP-2025-0217,2025-11-12,London Imports Ltd,UK,Black Pepper Ground Organic,09041100,3475,5.86,20363.5,USD,1100.91,40.73,FOB,INNSA1,GBFXT,ONE,20ft,23,Indian Ocean Star,approved,1.0,203.63,LC 60 days,partial,52.0,Allcargo,TradeEase CHA
SHP-2025-0129,2025-11-12,Gulf Distributors LLC,UAE,Black Pepper Ground Organic,09041100,6238,6.82,42543.16,USD,351.18,85.09,FOB,INMUN1,AEJEA,Hapag-Lloyd,20ft,8,CMA CGM Marco Polo,rejected,1.0,0.0,Advance,pending,,DHL Global,XYZ Clearing
SHP-2025-0071,2025-11-12,London Imports Ltd,UK,Industrial Centrifugal Pump,84137000,5614,488.45,2742158.3,USD,2115.77,5484.32,FOB,INNSA1,GBFXT,MSC,40ft HC,29,Atlantic Voyager,approved,3.5,95975.54,LC 60 days,received,39.0,DB Schenker,XYZ Clearing
SHP-2025-0198,2025-11-13,Euro Trade GmbH,Germany,Basmati Rice Premium Grade,10063020,1449,1.15,1666.35,USD,1788.77,3.33,FOB,INMUN1,DEHAM,Hapag-Lloyd,40ft HC,24,Atlantic Voyager,approved,1.0,16.66,LC 30 days,received,31.0,Allcargo,ABC Customs
SHP-2025-0078,2025-11-14,Pacific Traders Pty,Australia,Cotton T-shirts 100% knitted,61091000,4590,4.31,19782.9,USD,1783.44,39.57,FOB,INMUN1,AUMEL,Hapag-Lloyd,40ft,21,ONE Cosmos,approved,2.0,395.66,Open Account 45 days,partial,44.0,DB Schenker,ABC Customs
SHP-2025-0121,2025-11-14,African Goods Co,South Africa,Leather Wallet Genuine Cow Hide,42021200,7344,7.83,57503.52,USD,1482.61,115.01,FOB,INMUN1,ZACPT,MSC,40ft,25,Maersk Elba,pending,1.8,1035.06,LC 90 days,received,70.0,Expeditors,ABC Customs
SHP-2025-0069,2025-11-16,SG Merchants Pte,Singapore,Stainless Steel Kitchen Utensils,73239300,7132,3.68,26245.76,USD,774.13,52.49,FOB,INMAA1,SGSIN,Maersk,40ft,9,Maersk Elba,approved,2.0,524.92,LC 30 days,received,35.0,DB Schenker,XYZ Clearing
SHP-2025-0030,2025-11-17,Euro Trade GmbH,Germany,Handcrafted Brass Figurines,83062910,6369,17.27,109992.63,USD,1743.36,219.99,CIF,INMUN1,DEHAM,Hapag-Lloyd,40ft,28,CMA CGM Marco Polo,approved,1.5,1649.89,LC 30 days,received,45.0,DB Schenker,TradeEase CHA
SHP-2025-0211,2025-11-17,African Goods Co,South Africa,Stainless Steel Kitchen Utensils,73239300,6160,3.4,20944.0,USD,1033.0,41.89,FOB,INMUN1,ZACPT,Hapag-Lloyd,20ft,20,Maersk Taurus,pending,2.0,418.88,LC 90 days,pending,,DB Schenker,XYZ Clearing
SHP-2025-0023,2025-11-17,African Goods Co,South Africa,Polypropylene Granules Industrial,39021000,4606,1.08,4974.48,USD,1607.11,9.95,FOB,INMUN1,ZACPT,Hapag-Lloyd,40ft HC,18,CMA CGM Marco Polo,approved,1.5,74.62,LC 90 days,partial,47.0,Allcargo,XYZ Clearing
SHP-2025-0102,2025-11-18,Global Mart Inc,USA,Industrial Centrifugal Pump,84137000,4523,506.42,2290537.66,USD,2201.59,4581.08,FOB,INMUN1,USLAX,ONE,40ft,24,Pacific Carrier,approved,3.5,80168.82,LC 60 days,overdue,105.0,Allcargo,ABC Customs
SHP-2025-0113,2025-11-19,London Imports Ltd,UK,Black Pepper Ground Organic,09041100,4541,5.03,22841.23,USD,1916.88,45.68,CIF,INNSA1,GBFXT,ONE,40ft HC,23,CMA CGM Libra,rejected,1.0,0.0,LC 60 days,received,57.0,Expeditors,ABC Customs
SHP-2025-0225,2025-11-19,African Goods Co,South Africa,Pharmaceutical Tablets Generic,30049099,4637,0.09,417.33,USD,1359.95,0.83,FOB,INMUN1,ZACPT,Hapag-Lloyd,40ft,23,Atlantic Voyager,pending,2.5,10.43,LC 90 days,received,42.0,DHL Global,XYZ Clearing
SHP-2025-0140,2025-11-19,Global Mart Inc,USA,Polypropylene Granules Industrial,39021000,6313,1.05,6628.65,USD,1324.77,13.26,FOB,INMUN1,USLAX,Maersk,20ft,28,Hapag Express,approved,1.5,99.43,LC 60 days,partial,49.0,Kuehne Nagel,ABC Customs
SHP-2025-0115,2025-11-20,London Imports Ltd,Japan,Pharmaceutical Tablets Generic,30049099,5247,0.08,419.76,USD,1399.47,0.84,FOB,INMUN1,JPTYO,CMA CGM,40ft HC,17,Maersk Elba,rejected,2.5,850.0,LC 30 days,received,50.0,Expeditors,TradeEase CHA
SHP-2025-0123,2025-11-22,Gulf Distributors LLC,UAE,LED Street Light Fixtures,94054090,6106,67.41,411605.46,USD,424.75,823.21,CIF,INMUN1,AEJEA,ONE,20ft,6,Pacific Carrier,approved,3.0,12348.16,Advance,received,43.0,Kuehne Nagel,XYZ Clearing
SHP-2025-0237,2025-11-22,Euro Trade GmbH,Germany,Black Pepper Ground Organic,09041100,919,7.26,6671.94,USD,1045.87,13.34,CIF,INMUN1,DEHAM,MSC,20ft,26,Maersk Elba,approved,1.0,66.72,LC 30 days,received,35.0,DHL Global,TradeEase CHA
SHP-2025-0149,2025-11-23,African Goods Co,South Africa,Embroidered Saree Silk,62114900,5508,24.03,132357.24,USD,0.0,264.71,EXW,INMUN1,ZACPT,ONE,20ft,16,Hapag Express,approved,2.0,2647.14,LC 90 days,received,56.0,Expeditors,TradeEase CHA
SHP-2025-0205,2025-11-24,SG Merchants Pte,Singapore,Black Pepper Ground Organic,09041100,7439,5.66,42104.74,USD,0.0,84.21,EXW,INMAA1,SGSIN,Maersk,40ft HC,13,Indian Ocean Star,pending,1.0,421.05,LC 30 days,received,37.0,Expeditors,ABC Customs
SHP-2025-0028,2025-11-24,Global Mart Inc,USA,Basmati Rice Premium Grade,10063020,700,0.95,665.0,USD,2238.34,1.33,CIF,INMUN1,USLAX,Hapag-Lloyd,40ft,27,MSC Gulsun,pending,1.0,6.65,LC 60 days,received,42.0,DB Schenker,ABC Customs
SHP-2025-0159,2025-11-24,Nippon Commerce KK,Japan,Industrial Centrifugal Pump,84137000,7969,642.66,5121357.54,USD,1358.31,10242.72,FOB,INMUN1,JPTYO,Hapag-Lloyd,40ft,19,Pacific Carrier,approved,3.5,179247.51,LC 30 days,received,26.0,Kuehne Nagel,TradeEase CHA
SHP-2025-0135,2025-11-25,African Goods Co,South Africa,Leather Wallet Genuine Cow Hide,42021200,7700,10.46,80542.0,USD,1597.67,161.08,CIF,INMUN1,ZACPT,CMA CGM,40ft HC,21,Ever Given II,approved,1.8,1449.76,LC 90 days,received,60.0,DHL Global,ABC Customs
SHP-2025-0111,2025-11-28,London Imports Ltd,UK,Industrial Centrifugal Pump,84137000,5221,419.77,2191619.17,USD,2005.44,4383.24,FOB,INNSA1,GBFXT,Maersk,40ft HC,24,CMA CGM Marco Polo,rejected,3.5,0.0,LC 60 days,pending,,DB Schenker,ABC Customs
SHP-2025-0235,2025-11-28,London Imports Ltd,UK,Leather Wallet Genuine Cow Hide,42021200,2977,6.34,18874.18,USD,1155.36,37.75,CIF,INNSA1,GBFXT,CMA CGM,20ft,29,Maersk Taurus,approved,1.8,339.74,LC 60 days,received,62.0,DB Schenker,ABC Customs
SHP-2025-0133,2025-11-29,Pacific Traders Pty,Australia,Cotton T-shirts 100% knitted,61091000,5347,3.7,19783.9,USD,1482.12,39.57,FOB,INMUN1,AUMEL,Maersk,40ft,22,Atlantic Voyager,approved,2.0,395.68,Open Account 45 days,received,32.0,DB Schenker,XYZ Clearing
SHP-2025-0234,2025-11-30,SG Merchants Pte,Singapore,Industrial Centrifugal Pump,84137000,603,329.29,198561.87,USD,488.65,397.12,FOB,INMAA1,SGSIN,CMA CGM,20ft,13,MSC Gulsun,approved,3.5,6949.67,LC 30 days,partial,35.0,DHL Global,XYZ Clearing
SHP-2025-0127,2025-12-01,Gulf Distributors LLC,UAE,Handcrafted Brass Figurines,83062910,1521,14.87,22617.27,USD,762.9,45.23,FOB,INMUN1,AEJEA,ONE,40ft,45,ONE Cosmos,approved,1.5,339.26,Advance,received,30.0,DHL Global,ABC Customs
SHP-2025-0037,2025-12-01,SG Merchants Pte,Singapore,Black Pepper Ground Organic,09041100,4619,4.94,22817.86,USD,0.0,45.64,EXW,INMAA1,SGSIN,Maersk,40ft HC,9,Indian Ocean Star,rejected,1.0,0.0,LC 30 days,received,38.0,DHL Global,ABC Customs
SHP-2025-0070,2025-12-02,London Imports Ltd,UK,Stainless Steel Kitchen Utensils,73239300,4666,4.62,21556.92,USD,1858.82,43.11,FOB,INNSA1,GBFXT,ONE,40ft,25,Pacific Carrier,rejected,2.0,0.0,LC 60 days,overdue,97.0,Allcargo,ABC Customs
SHP-2025-0153,2025-12-02,Nippon Commerce KK,Japan,Automobile Brake Pads,87083010,2463,27.96,68865.48,USD,1420.26,137.73,FOB,INMUN1,JPTYO,Hapag-Lloyd,40ft HC,15,CMA CGM Libra,approved,3.0,2065.96,LC 30 days,pending,,DHL Global,ABC Customs
SHP-2025-0195,2025-12-03,Gulf Distributors LLC,UAE,Embroidered Saree Silk,62114900,4677,45.26,211681.02,USD,850.24,423.36,FOB,INMUN1,AEJEA,ONE,40ft HC,8,Indian Ocean Star,approved,2.0,4233.62,Advance,received,33.0,Kuehne Nagel,TradeEase CHA
SHP-2025-0193,2025-12-04,African Goods Co,South Africa,LED Street Light Fixtures,94054090,5288,60.08,317703.04,USD,0.0,635.41,EXW,INMUN1,ZACPT,CMA CGM,40ft HC,21,Indian Ocean Star,approved,3.0,9531.09,LC 90 days,received,66.0,Allcargo,TradeEase CHA
SHP-2025-0097,2025-12-05,Nippon Commerce KK,Japan,Embroidered Saree Silk,62114900,3627,49.26,178666.02,USD,1497.16,357.33,CIF,INMUN1,JPTYO,CMA CGM,40ft,18,Ever Given II,approved,2.0,3573.32,LC 30 days,received,48.0,Expeditors,XYZ Clearing
SHP-2025-0086,2025-12-05,Euro Trade GmbH,Germany,Pharmaceutical Tablets Generic,30049099,1391,0.1,139.1,USD,2071.19,0.28,CFR,INMUN1,DEHAM,ONE,40ft HC,21,Maersk Taurus,approved,2.5,3.48,LC 30 days,received,44.0,Kuehne Nagel,XYZ Clearing
SHP-2025-0232,2025-12-06,African Goods Co,South Africa,Black Pepper Ground Organic,09041100,394,4.63,1824.22,USD,0.0,3.65,EXW,INMUN1,ZACPT,Hapag-Lloyd,40ft HC,18,Maersk Elba,approved,1.0,18.24,LC 90 days,received,64.0,DHL Global,TradeEase CHA
SHP-2025-0068,2025-12-07,Pacific Traders Pty,Australia,Automobile Brake Pads,87083010,6653,27.35,181959.55,USD,991.9,363.92,FOB,INMUN1,AUMEL,ONE,20ft,24,CMA CGM Marco Polo,approved,3.0,5458.79,Open Account 45 days,overdue,103.0,DB Schenker,XYZ Clearing
SHP-2025-0229,2025-12-07,London Imports Ltd,UK,Automobile Brake Pads,87083010,2580,21.95,56631.0,USD,1347.56,113.26,CIF,INNSA1,GBFXT,CMA CGM,20ft,28,Atlantic Voyager,approved,3.0,1698.93,LC 60 days,partial,41.0,Expeditors,XYZ Clearing
SHP-2025-0147,2025-12-08,Euro Trade GmbH,Germany,Industrial Centrifugal Pump,84137000,1805,588.59,1062404.95,USD,1958.69,2124.81,CFR,INMUN1,DEHAM,MSC,40ft HC,30,Atlantic Voyager,approved,3.5,37184.17,LC 30 days,received,29.0,DHL Global,TradeEase CHA
SHP-2025-0029,2025-12-09,Euro Trade GmbH,Germany,Stainless Steel Kitchen Utensils,73239300,148,3.87,572.76,USD,1737.94,1.15,CIF,INMUN1,DEHAM,ONE,40ft HC,21,Maersk Taurus,approved,2.0,11.46,LC 30 days,received,51.0,DB Schenker,TradeEase CHA
SHP-2025-0054,2025-12-09,Global Mart Inc,USA,Basmati Rice Premium Grade,10063020,6844,1.03,7049.32,USD,2353.47,14.1,FOB,INMUN1,USLAX,Hapag-Lloyd,40ft HC,27,MSC Gulsun,approved,1.0,70.49,LC 60 days,received,51.0,Allcargo,TradeEase CHA
SHP-2025-0109,2025-12-09,SG Merchants Pte,Singapore,Embroidered Saree Silk,62114900,7080,52.12,369009.6,USD,976.17,738.02,FOB,INMAA1,SGSIN,Maersk,40ft,13,Ever Given II,approved,2.0,7380.19,LC 30 days,overdue,77.0,Expeditors,TradeEase CHA
SHP-2025-0032,2025-12-10,Euro Trade GmbH,Germany,Handcrafted Brass Figurines,83062910,1820,15.48,28173.6,USD,1906.31,56.35,FOB,INMUN1,DEHAM,CMA CGM,40ft HC,29,ONE Cosmos,approved,1.5,422.6,LC 30 days,received,41.0,DHL Global,ABC Customs
SHP-2025-0191,2025-12-10,African Goods Co,South Africa,LED Street Light Fixtures,94054090,6828,65.88,449828.64,USD,1383.23,899.66,CIF,INMUN1,ZACPT,MSC,40ft,16,Ever Given II,approved,3.0,13494.86,LC 90 days,received,48.0,DB Schenker,ABC Customs
SHP-2025-0053,2025-12-11,Gulf Distributors LLC,UAE,Embroidered Saree Silk,62114900,1075,46.68,50181.0,USD,759.45,100.36,CFR,INMUN1,AEJEA,ONE,40ft,6,Pacific Carrier,approved,2.0,1003.62,Advance,received,28.0,DHL Global,ABC Customs
SHP-2025-0098,2025-12-11,Global Mart Inc,USA,LED Street Light Fixtures,94054090,383,118.98,45569.34,USD,2051.74,91.14,FOB,INMUN1,USLAX,CMA CGM,40ft HC,28,MSC Aurora,approved,3.0,1367.08,LC 60 days,overdue,97.0,DB Schenker,TradeEase CHA
SHP-2025-0134,2025-12-11,Global Mart Inc,USA,Automobile Brake Pads,87083010,1689,17.29,29202.81,USD,2478.7,58.41,FOB,INMUN1,USLAX,MSC,40ft,31,Atlantic Voyager,approved,3.0,876.08,LC 60 days,received,43.0,Expeditors,TradeEase CHA
SHP-2025-0061,2025-12-12,London Imports Ltd,UK,Basmati Rice Premium Grade,10063020,4642,1.74,8077.08,USD,1841.12,16.15,FOB,INNSA1,GBFXT,MSC,40ft,29,Maersk Elba,approved,1.0,80.77,LC 60 days,pending,,Kuehne Nagel,ABC Customs
SHP-2025-0137,2025-12-15,Euro Trade GmbH,Germany,Black Pepper Ground Organic,09041100,7284,5.45,39697.8,USD,1977.91,79.4,FOB,INMUN1,DEHAM,Maersk,40ft,29,ONE Cosmos,approved,1.0,396.98,LC 30 days,received,47.0,DHL Global,XYZ Clearing
SHP-2025-0156,2025-12-15,Euro Trade GmbH,Germany,Basmati Rice Premium Grade,10063020,3888,1.08,4199.04,USD,7200.0,8.4,FOB,INMUN1,DEHAM,CMA CGM,40ft,27,CMA CGM Libra,approved,1.0,41.99,Open Account 45 days,received,34.0,Allcargo,ABC Customs
SHP-2025-0179,2025-12-16,Gulf Distributors LLC,UAE,LED Street Light Fixtures,94054090,3130,93.2,291716.0,USD,646.17,583.43,CIF,INMUN1,AEJEA,ONE,40ft,7,MSC Gulsun,approved,3.0,8751.48,Advance,pending,,Kuehne Nagel,ABC Customs
SHP-2025-0185,2025-12-17,Pacific Traders Pty,Australia,LED Street Light Fixtures,94054090,5644,113.9,642851.6,USD,1083.69,1285.7,FOB,INMUN1,AUMEL,Hapag-Lloyd,20ft,19,ONE Cosmos,approved,3.0,19285.55,Open Account 45 days,received,38.0,DHL Global,XYZ Clearing
SHP-2025-0066,2025-12-17,London Imports Ltd,UK,Industrial Centrifugal Pump,84137000,7098,452.2,3209715.6,USD,1762.74,6419.43,FOB,INNSA1,GBFXT,CMA CGM,40ft,29,ONE Cosmos,approved,3.5,112340.05,LC 60 days,pending,,Allcargo,XYZ Clearing
SHP-2025-0079,2025-12-18,Pacific Traders Pty,Australia,Stainless Steel Kitchen Utensils,73239300,6363,4.28,27233.64,USD,1966.09,54.47,CIF,INMUN1,AUMEL,Hapag-Lloyd,40ft HC,22,ONE Cosmos,approved,2.0,544.67,Open Account 45 days,received,40.0,DHL Global,ABC Customs
SHP-2025-0209,2025-12-18,Nippon Commerce KK,Japan,Automobile Brake Pads,87083010,6944,21.39,148532.16,USD,803.78,297.06,FOB,INMUN1,JPTYO,Hapag-Lloyd,20ft,20,Maersk Taurus,approved,3.0,4455.96,LC 30 days,overdue,85.0,DHL Global,XYZ Clearing
SHP-2025-0155,2025-12-18,Global Mart Inc,USA,Polypropylene Granules Industrial,39021000,4180,1.4,5852.0,USD,1489.09,11.7,FOB,INMUN1,USLAX,ONE,20ft,32,Maersk Elba,approved,1.5,87.78,LC 60 days,received,29.0,DB Schenker,ABC Customs
SHP-2025-0208,2025-12-19,London Imports Ltd,UK,Leather Wallet Genuine Cow Hide,42021200,3154,6.07,19144.78,USD,1863.04,38.29,CFR,INNSA1,GBFXT,Hapag-Lloyd,40ft,28,Maersk Elba,approved,1.8,344.61,LC 60 days,partial,49.0,DB Schenker,ABC Customs
SHP-2025-0036,2025-12-19,Gulf Distributors LLC,UAE,Cotton T-shirts 100% knitted,61091000,2665,3.86,10286.9,USD,425.46,20.57,CIF,INMUN1,AEJEA,CMA CGM,20ft,8,Maersk Elba,approved,2.0,205.74,Advance,received,41.0,Expeditors,XYZ Clearing
SHP-2025-0244,2025-12-21,Nippon Commerce KK,Japan,Embroidered Saree Silk,62114900,7519,23.22,174591.18,USD,838.63,349.18,FOB,INMUN1,JPTYO,Maersk,20ft,19,Indian Ocean Star,approved,2.0,3491.82,LC 30 days,received,52.0,Expeditors,ABC Customs
SHP-2025-0164,2025-12-21,Global Mart Inc,USA,Handcrafted Brass Figurines,83062910,7695,15.97,122889.15,USD,2317.81,245.78,CFR,INMUN1,USLAX,CMA CGM,40ft,34,MSC Gulsun,pending,1.5,1843.34,LC 60 days,received,45.0,Allcargo,TradeEase CHA
SHP-2025-0242,2025-12-21,Global Mart Inc,USA,Stainless Steel Kitchen Utensils,73239300,1743,3.15,5490.45,USD,1290.96,10.98,CIF,INMUN1,USLAX,Maersk,20ft,28,Atlantic Voyager,approved,2.0,109.81,LC 60 days,received,55.0,Kuehne Nagel,XYZ Clearing
SHP-2025-0085,2025-12-21,London Imports Ltd,UK,Cotton T-shirts 100% knitted,61091000,1471,5.78,8502.38,USD,0.0,17.0,EXW,INNSA1,GBFXT,Hapag-Lloyd,40ft HC,20,Indian Ocean Star,pending,2.0,170.05,LC 60 days,received,57.0,Allcargo,ABC Customs
SHP-2025-0174,2025-12-22,Pacific Traders Pty,Australia,Automobile Brake Pads,87083010,392,15.09,5915.28,USD,2068.05,11.83,FOB,INMUN1,AUMEL,Hapag-Lloyd,40ft HC,24,CMA CGM Marco Polo,approved,3.0,177.46,Open Account 45 days,received,41.0,Expeditors,ABC Customs
SHP-2025-0226,2025-12-22,Euro Trade GmbH,Germany,Basmati Rice Premium Grade,10063020,1274,1.26,1605.24,USD,2054.33,3.21,FOB,INMUN1,DEHAM,MSC,40ft HC,23,Pacific Carrier,approved,1.0,16.05,LC 30 days,overdue,71.0,Expeditors,ABC Customs
SHP-2025-0026,2025-12-24,African Goods Co,South Africa,Cotton T-shirts 100% knitted,61091000,2528,6.14,15521.92,USD,898.79,31.04,FOB,INMUN1,ZACPT,ONE,20ft,17,MSC Aurora,approved,2.0,310.44,LC 90 days,overdue,138.0,DHL Global,ABC Customs
SHP-2025-0125,2025-12-24,SG Merchants Pte,Singapore,Embroidered Saree Silk,62114900,1580,25.88,40890.4,USD,625.97,81.78,FOB,INMAA1,SGSIN,ONE,20ft,10,MSC Aurora,approved,2.0,817.81,LC 30 days,received,30.0,Allcargo,XYZ Clearing
SHP-2025-0204,2025-12-24,Gulf Distributors LLC,UAE,Stainless Steel Kitchen Utensils,73239300,2570,2.52,6476.4,USD,388.55,12.95,FOB,INMUN1,AEJEA,MSC,20ft,7,MSC Aurora,pending,2.0,129.53,Advance,pending,,Allcargo,TradeEase CHA
SHP-2025-0073,2025-12-25,Nippon Commerce KK,Japan,Automobile Brake Pads,87083010,1606,25.67,41226.02,USD,961.5,82.45,CIF,INMUN1,JPTYO,Maersk,20ft,16,Maersk Elba,approved,3.0,1236.78,LC 30 days,received,28.0,Allcargo,ABC Customs
SHP-2025-0058,2025-12-26,Nippon Commerce KK,Japan,Polypropylene Granules Industrial,39021000,138,1.02,140.76,USD,1452.71,0.28,CIF,INMUN1,JPTYO,CMA CGM,40ft,19,CMA CGM Marco Polo,approved,1.5,2.11,LC 30 days,received,41.0,Allcargo,XYZ Clearing
SHP-2025-0076,2025-12-26,Nippon Commerce KK,Japan,Stainless Steel Kitchen Utensils,73239300,5341,3.86,20616.26,USD,1627.88,41.23,FOB,INMUN1,JPTYO,Hapag-Lloyd,40ft,18,Hapag Express,approved,2.0,412.33,LC 30 days,received,36.0,Kuehne Nagel,XYZ Clearing
SHP-2025-0184,2025-12-26,Global Mart Inc,USA,Basmati Rice Premium Grade,10063020,6165,0.95,5856.75,USD,0.0,11.71,EXW,INMUN1,USLAX,Hapag-Lloyd,40ft HC,31,Pacific Carrier,approved,1.0,58.57,LC 60 days,received,35.0,Allcargo,XYZ Clearing
SHP-2025-0009,2025-12-27,African Goods Co,South Africa,Polypropylene Granules Industrial,39021000,3770,0.91,3430.7,USD,1476.18,6.86,FOB,INMUN1,ZACPT,Hapag-Lloyd,40ft,23,MSC Aurora,approved,1.5,51.46,LC 90 days,received,54.0,Allcargo,TradeEase CHA
SHP-2025-0130,2025-12-30,Gulf Distributors LLC,UAE,Basmati Rice Premium Grade,10063020,5790,1.67,9669.3,USD,705.68,19.34,CIF,INMUN1,AEJEA,ONE,40ft,11,Maersk Taurus,approved,1.0,96.69,Advance,received,36.0,Expeditors,TradeEase CHA
SHP-2025-0200,2025-12-31,London Imports Ltd,UK,Leather Wallet Genuine Cow Hide,42021200,3736,10.43,38966.48,USD,1171.82,77.93,FOB,INNSA1,GBFXT,Hapag-Lloyd,20ft,23,Pacific Carrier,approved,1.8,701.4,LC 60 days,received,45.0,DB Schenker,TradeEase CHA
SHP-2025-0064,2026-01-01,Global Mart Inc,USA,Stainless Steel Kitchen Utensils,73239300,2944,3.22,9479.68,USD,2598.65,18.96,FOB,INMUN1,USLAX,Maersk,40ft HC,25,MSC Aurora,approved,2.0,189.59,LC 60 days,received,50.0,Kuehne Nagel,XYZ Clearing
SHP-2025-0104,2026-01-02,Pacific Traders Pty,Australia,Black Pepper Ground Organic,09041100,3338,7.11,23733.18,USD,1018.35,47.47,CFR,INMUN1,AUMEL,Hapag-Lloyd,20ft,26,Ever Given II,approved,1.0,237.33,Open Account 45 days,received,56.0,Allcargo,ABC Customs
SHP-2025-0202,2026-01-02,London Imports Ltd,UK,Handcrafted Brass Figurines,83062910,6405,16.46,105426.3,USD,1194.92,210.85,FOB,INNSA1,GBFXT,CMA CGM,20ft,22,CMA CGM Libra,approved,1.5,1581.39,LC 60 days,received,52.0,Kuehne Nagel,TradeEase CHA
SHP-2025-0043,2026-01-03,African Goods Co,South Africa,Polypropylene Granules Industrial,39021000,154,1.18,181.72,USD,932.87,0.36,FOB,INMUN1,ZACPT,MSC,20ft,24,Ever Given II,approved,1.5,2.73,LC 90 days,received,47.0,Allcargo,TradeEase CHA
SHP-2025-0006,2026-01-03,Euro Trade GmbH,Germany,Leather Wallet Genuine Cow Hide,42021200,3710,6.28,23298.8,USD,1883.69,46.6,FOB,INMUN1,DEHAM,MSC,40ft,29,Atlantic Voyager,approved,1.8,419.38,LC 30 days,received,40.0,DB Schenker,TradeEase CHA
SHP-2025-0180,2026-01-03,Euro Trade GmbH,Germany,Cotton T-shirts 100% knitted,61091000,159,3.63,577.17,USD,1168.22,1.15,CIF,INMUN1,DEHAM,Hapag-Lloyd,20ft,25,Indian Ocean Star,approved,2.0,11.54,LC 30 days,pending,,Kuehne Nagel,ABC Customs
SHP-2025-0187,2026-01-05,Euro Trade GmbH,Germany,LED Street Light Fixtures,94054090,4407,86.11,379486.77,USD,2415.99,758.97,FOB,INMUN1,USLAX,CMA CGM,40ft,27,Hapag Express,approved,3.0,11384.6,LC 60 days,received,110.0,Expeditors,XYZ Clearing
SHP-2025-0122,2026-01-07,Euro Trade GmbH,Germany,Automobile Brake Pads,87083010,6479,21.37,138456.23,USD,2027.84,276.91,FOB,INMUN1,DEHAM,MSC,40ft HC,26,Maersk Elba,approved,3.0,4153.69,LC 30 days,received,40.0,DHL Global,XYZ Clearing
SHP-2025-0231,2026-01-08,SG Merchants Pte,Singapore,Stainless Steel Kitchen Utensils,73239300,2914,4.3,12530.2,USD,993.71,25.06,CFR,INMAA1,SGSIN,Maersk,40ft HC,8,MSC Gulsun,pending,2.0,250.6,LC 30 days,pending,,Expeditors,XYZ Clearing
SHP-2025-0223,2026-01-08,African Goods Co,South Africa,Industrial Centrifugal Pump,84137000,5819,514.5,2993875.5,USD,1578.09,5987.75,FOB,INMUN1,ZACPT,MSC,40ft,21,MSC Gulsun,pending,3.5,104785.64,LC 90 days,received,58.0,DHL Global,XYZ Clearing
SHP-2025-0138,2026-01-08,Global Mart Inc,USA,Black Pepper Ground Organic,09041100,7513,6.5,48834.5,USD,1332.85,97.67,FOB,INMUN1,USLAX,Maersk,20ft,32,CMA CGM Marco Polo,approved,1.0,488.35,LC 60 days,received,52.0,Kuehne Nagel,ABC Customs
SHP-2025-0038,2026-01-08,Global Mart Inc,USA,Polypropylene Granules Industrial,39021000,4842,1.11,5374.62,USD,2193.19,10.75,FOB,INMUN1,USLAX,MSC,40ft HC,28,Ever Given II,approved,1.5,80.62,LC 60 days,overdue,106.0,Expeditors,ABC Customs
SHP-2025-0099,2026-01-09,Gulf Distributors LLC,UAE,Basmati Rice Premium Grade,10063020,409,1.31,535.79,USD,356.61,1.07,FOB,INMUN1,AEJEA,Maersk,20ft,10,Pacific Carrier,approved,1.0,5.36,Advance,received,27.0,Expeditors,TradeEase CHA
SHP-2025-0240,2026-01-10,African Goods Co,South Africa,Embroidered Saree Silk,62114900,6354,40.07,254604.78,USD,986.44,509.21,CIF,INMUN1,ZACPT,Hapag-Lloyd,20ft,18,Hapag Express,approved,2.0,5092.1,LC 90 days,received,72.0,Allcargo,TradeEase CHA
SHP-2025-0007,2026-01-12,Euro Trade GmbH,Germany,Leather Wallet Genuine Cow Hide,42021200,5520,10.36,57187.2,USD,1716.7,114.37,CIF,INMUN1,DEHAM,ONE,40ft,27,MSC Aurora,approved,1.8,1029.37,LC 30 days,pending,,DHL Global,TradeEase CHA
SHP-2025-0051,2026-01-12,Global Mart Inc,USA,Leather Wallet Genuine Cow Hide,42021200,5462,7.23,39490.26,USD,2139.84,78.98,FOB,INMUN1,USLAX,ONE,40ft,30,MSC Gulsun,approved,1.8,710.82,LC 60 days,received,55.0,Allcargo,XYZ Clearing
SHP-2025-0018,2026-01-12,Euro Trade GmbH,Germany,Cotton T-shirts 100% knitted,61091000,3220,3.51,11302.2,USD,1733.96,22.6,FOB,INMUN1,DEHAM,Maersk,40ft HC,23,Indian Ocean Star,pending,2.0,226.04,LC 30 days,received,26.0,DB Schenker,ABC Customs
SHP-2025-0199,2026-01-12,Gulf Distributors LLC,UAE,Leather Wallet Genuine Cow Hide,42021200,7115,7.24,51512.6,USD,459.42,103.03,FOB,INMUN1,AEJEA,MSC,20ft,11,MSC Aurora,approved,1.8,927.23,Advance,received,,DB Schenker,XYZ Clearing
SHP-2025-0055,2026-01-12,SG Merchants Pte,Singapore,LED Street Light Fixtures,94054090,7993,95.85,766129.05,USD,573.15,1532.26,FOB,INMAA1,SGSIN,ONE,20ft,9,Hapag Express,rejected,3.0,0.0,LC 30 days,pending,,Kuehne Nagel,ABC Customs
SHP-2025-0075,2026-01-13,Gulf Distributors LLC,UAE,Cotton T-shirts 100% knitted,61091000,387,5.32,2058.84,USD,776.49,4.12,FOB,INMUN1,AEJEA,ONE,40ft,10,CMA CGM Libra,pending,2.0,41.18,Advance,received,22.0,Allcargo,TradeEase CHA
SHP-2025-0090,2026-01-14,Gulf Distributors LLC,UAE,Black Pepper Ground Organic,09041100,2522,7.78,19621.16,USD,768.11,39.24,FOB,INMUN1,AEJEA,Maersk,40ft HC,11,Pacific Carrier,approved,1.0,196.21,Advance,partial,46.0,DB Schenker,TradeEase CHA
SHP-2025-0110,2026-01-15,Euro Trade GmbH,Germany,Automobile Brake Pads,87083010,1729,20.01,34597.29,USD,1832.77,69.19,CIF,INMUN1,DEHAM,Hapag-Lloyd,40ft,21,MSC Gulsun,approved,3.0,1037.92,LC 30 days,received,32.0,Kuehne Nagel,ABC Customs
SHP-2025-0197,2026-01-15,SG Merchants Pte,Singapore,Black Pepper Ground Organic,09041100,5186,5.97,30960.42,USD,0.0,61.92,EXW,INMAA1,SGSIN,Maersk,40ft HC,8,Maersk Taurus,approved,1.0,309.6,LC 30 days,pending,,Expeditors,ABC Customs
SHP-2025-0120,2026-01-16,Global Mart Inc,USA,Stainless Steel Kitchen Utensils,73239300,995,3.37,3353.15,USD,1558.67,6.71,FOB,INMUN1,USLAX,Hapag-Lloyd,20ft,32,CMA CGM Marco Polo,approved,2.0,67.06,LC 60 days,partial,45.0,DHL Global,ABC Customs
SHP-2025-0019,2026-01-17,Global Mart Inc,USA,Industrial Centrifugal Pump,84137000,6768,469.36,3176628.48,USD,2664.99,6353.26,CIF,INMUN1,USLAX,ONE,40ft HC,27,Indian Ocean Star,approved,3.5,111182.0,LC 60 days,received,35.0,DB Schenker,TradeEase CHA
SHP-2025-0021,2026-01-18,Pacific Traders Pty,Australia,LED Street Light Fixtures,94054090,7999,71.61,572808.39,USD,1445.16,1145.62,CIF,INMUN1,AUMEL,Hapag-Lloyd,40ft,20,MSC Aurora,pending,3.0,17184.25,Open Account 45 days,partial,35.0,Expeditors,XYZ Clearing
SHP-2025-0212,2026-01-18,African Goods Co,South Africa,Cotton T-shirts 100% knitted,61091000,80000,4.5,360000.0,USD,1639.79,10.93,CIF,INMUN1,AUMEL,Hapag-Lloyd,40ft HC,19,Atlantic Voyager,approved,1.5,7200.0,Open Account 45 days,received,42.0,Kuehne Nagel,TradeEase CHA
SHP-2025-0216,2026-01-18,London Imports Ltd,UK,Industrial Centrifugal Pump,84137000,6873,598.85,4115896.05,USD,1816.3,8231.79,CIF,INNSA1,GBFXT,MSC,40ft,25,MSC Aurora,approved,3.5,144056.36,LC 60 days,received,61.0,Kuehne Nagel,TradeEase CHA
SHP-2025-0249,2026-01-18,Nippon Commerce KK,Japan,Black Pepper Ground Organic,09041100,5692,5.49,31249.08,USD,1615.05,62.5,CFR,INMUN1,JPTYO,Maersk,40ft,20,Atlantic Voyager,approved,1.0,312.49,LC 30 days,received,34.0,Allcargo,ABC Customs
SHP-2025-0124,2026-01-19,Nippon Commerce KK,Japan,Cotton T-shirts 100% knitted,61091000,6393,3.6,23014.8,USD,1478.49,46.03,CIF,INMUN1,JPTYO,Maersk,40ft,17,MSC Gulsun,approved,2.0,460.3,LC 30 days,received,49.0,DB Schenker,XYZ Clearing
SHP-2025-0166,2026-01-19,Global Mart Inc,USA,Embroidered Saree Silk,62114900,169,49.45,8357.05,USD,1362.72,16.71,CIF,INMUN1,USLAX,CMA CGM,20ft,34,ONE Cosmos,approved,2.0,167.14,LC 60 days,received,37.0,DHL Global,ABC Customs
SHP-2025-0016,2026-01-20,Pacific Traders Pty,Australia,Pharmaceutical Tablets Generic,30049099,1817,0.11,199.87,USD,1689.57,0.4,CFR,INMUN1,AUMEL,MSC,40ft,20,CMA CGM Marco Polo,pending,2.5,5.0,Open Account 45 days,received,62.0,Allcargo,TradeEase CHA
SHP-2025-0218,2026-01-20,Euro Trade GmbH,Germany,Leather Wallet Genuine Cow Hide,42021200,3872,11.5,44528.0,USD,1205.22,89.06,CFR,INMUN1,DEHAM,Hapag-Lloyd,20ft,28,Pacific Carrier,approved,1.8,801.5,LC 30 days,received,26.0,Allcargo,XYZ Clearing
SHP-2025-0094,2026-01-21,Nippon Commerce KK,Japan,Industrial Centrifugal Pump,84137000,6606,553.78,3658270.68,USD,1487.59,7316.54,FOB,INMUN1,JPTYO,ONE,40ft HC,16,Maersk Taurus,approved,3.5,128039.47,LC 30 days,received,31.0,DHL Global,TradeEase CHA
SHP-2025-0022,2026-01-21,SG Merchants Pte,Singapore,Automobile Brake Pads,87083010,1418,21.34,30260.12,USD,749.49,60.52,FOB,INMAA1,SGSIN,ONE,40ft,9,MSC Aurora,approved,3.0,907.8,LC 30 days,pending,,Allcargo,TradeEase CHA
SHP-2025-0182,2026-01-21,Pacific Traders Pty,Australia,Pharmaceutical Tablets Generic,30049099,1062,0.15,159.3,USD,0.0,0.32,EXW,INMUN1,AUMEL,MSC,20ft,26,Hapag Express,approved,2.5,3.98,Open Account 45 days,received,52.0,DHL Global,ABC Customs
SHP-2025-0002,2026-01-25,African Goods Co,South Africa,Automobile Brake Pads,87083010,7877,13.44,105866.88,USD,1483.27,211.73,CIF,INMUN1,ZACPT,CMA CGM,40ft HC,20,Maersk Elba,approved,3.0,3176.01,LC 90 days,received,51.0,DHL Global,ABC Customs
SHP-2025-0148,2026-01-25,African Goods Co,South Africa,Basmati Rice Premium Grade,10063020,4951,1.44,7129.44,USD,0.0,14.26,EXW,INMUN1,ZACPT,Maersk,40ft,18,Atlantic Voyager,approved,1.0,71.29,LC 90 days,received,61.0,Allcargo,XYZ Clearing
SHP-2025-0045,2026-01-25,Gulf Distributors LLC,UAE,Automobile Brake Pads,87083010,5257,20.2,106191.4,USD,715.25,212.38,FOB,INMUN1,AEJEA,Maersk,40ft HC,7,Indian Ocean Star,approved,3.0,3185.74,Advance,received,36.0,DB Schenker,ABC Customs
SHP-2025-0241,2026-01-25,Global Mart Inc,USA,Cotton T-shirts 100% knitted,61091000,1000,4.5,4500.0,USD,2069.65,90.0,FOB,INMUN1,USLAX,Maersk,40ft,29,Pacific Carrier,approved,2.0,207.69,LC 60 days,pending,,Kuehne Nagel,XYZ Clearing
SHP-2025-0194,2026-01-26,Pacific Traders Pty,Australia,Embroidered Saree Silk,62114900,763,42.48,32412.24,USD,1713.17,64.82,FOB,INMUN1,AUMEL,Hapag-Lloyd,40ft,23,Pacific Carrier,rejected,2.0,0.0,Open Account 45 days,received,43.0,DHL Global,XYZ Clearing
SHP-2025-0150,2026-01-26,African Goods Co,South Africa,Pharmaceutical Tablets Generic,30049099,1784,0.12,214.08,USD,0.0,0.43,EXW,INMUN1,ZACPT,CMA CGM,40ft,20,Maersk Taurus,pending,2.5,5.35,LC 90 days,pending,,Allcargo,ABC Customs
SHP-2025-0157,2026-01-27,African Goods Co,South Africa,LED Street Light Fixtures,94054090,755,68.53,51740.15,USD,0.0,103.48,EXW,INMUN1,ZACPT,ONE,40ft HC,20,Maersk Taurus,approved,3.0,1552.2,LC 90 days,received,70.0,Kuehne Nagel,XYZ Clearing
SHP-2025-0065,2026-01-27,Euro Trade GmbH,Germany,Industrial Centrifugal Pump,84137000,3062,522.22,1599037.64,USD,1631.06,3198.08,FOB,INMUN1,DEHAM,MSC,40ft,25,Maersk Elba,approved,3.5,55966.32,LC 30 days,received,33.0,Expeditors,ABC Customs
SHP-2025-0186,2026-01-28,African Goods Co,South Africa,Cotton T-shirts 100% knitted,61091000,7394,4.53,33494.82,USD,1071.95,66.99,FOB,INMUN1,ZACPT,CMA CGM,20ft,22,Hapag Express,approved,2.0,669.9,LC 90 days,received,48.0,Kuehne Nagel,XYZ Clearing
SHP-2025-0039,2026-01-29,SG Merchants Pte,Singapore,Automobile Brake Pads,87083010,3906,20.02,78198.12,USD,532.97,156.4,CIF,INMAA1,SGSIN,MSC,20ft,13,CMA CGM Marco Polo,approved,3.0,2345.94,LC 30 days,overdue,80.0,Kuehne Nagel,XYZ Clearing
SHP-2025-0057,2026-01-29,Pacific Traders Pty,Australia,Stainless Steel Kitchen Utensils,73239300,225,4.12,927.0,USD,1125.75,1.85,CIF,INMUN1,AUMEL,CMA CGM,20ft,26,ONE Cosmos,pending,2.0,18.54,Open Account 45 days,received,62.0,Allcargo,ABC Customs
SHP-2025-0143,2026-01-31,African Goods Co,South Africa,Polypropylene Granules Industrial,39021000,3013,1.05,3163.65,USD,1010.68,6.33,CIF,INMUN1,ZACPT,Hapag-Lloyd,20ft,24,Pacific Carrier,approved,1.5,47.45,LC 90 days,pending,,Kuehne Nagel,ABC Customs
SHP-2025-0056,2026-02-01,Pacific Traders Pty,Australia,Polypropylene Granules Industrial,39021000,1488,1.29,1919.52,USD,1474.84,3.84,FOB,INMUN1,AUMEL,CMA CGM,40ft,20,Atlantic Voyager,approved,1.5,28.79,Open Account 45 days,received,44.0,Expeditors,XYZ Clearing
SHP-2025-0015,2026-02-03,Pacific Traders Pty,Australia,Handcrafted Brass Figurines,83062910,3359,17.64,59252.76,USD,1577.37,118.51,FOB,INMUN1,AUMEL,ONE,40ft,24,Hapag Express,approved,1.5,888.79,Open Account 45 days,pending,,Allcargo,XYZ Clearing
SHP-2025-0048,2026-02-03,Euro Trade GmbH,Germany,Automobile Brake Pads,87083010,3998,26.43,105667.14,USD,0.0,211.33,EXW,INMUN1,DEHAM,MSC,40ft HC,29,Pacific Carrier,approved,3.0,3170.01,LC 30 days,received,43.0,Allcargo,ABC Customs
SHP-2025-0151,2026-02-04,Nippon Commerce KK,Japan,Automobile Brake Pads,87083010,7083,16.71,118356.93,USD,1624.47,236.71,CFR,INMUN1,JPTYO,CMA CGM,40ft,15,Maersk Taurus,approved,3.0,3550.71,LC 30 days,pending,,DB Schenker,ABC Customs
SHP-2025-0052,2026-02-04,SG Merchants Pte,Singapore,Embroidered Saree Silk,62114900,3355,46.91,157383.05,USD,893.76,314.77,CIF,INMAA1,SGSIN,CMA CGM,40ft,9,Pacific Carrier,approved,2.0,3147.66,LC 30 days,received,23.0,DB Schenker,TradeEase CHA
SHP-2025-0189,2026-02-04,Gulf Distributors LLC,UAE,Polypropylene Granules Industrial,39021000,4628,1.41,6525.48,USD,389.4,13.05,CIF,INMUN1,AEJEA,CMA CGM,20ft,7,MSC Aurora,approved,1.5,97.88,Advance,pending,,Expeditors,TradeEase CHA
SHP-2025-0248,2026-02-05,Gulf Distributors LLC,UAE,Stainless Steel Kitchen Utensils,73239300,4137,4.62,19112.94,USD,0.0,38.23,CIF,INMUN1,AEJEA,Maersk,40ft,10,CMA CGM Libra,approved,2.0,382.26,Advance,received,28.0,Expeditors,XYZ Clearing
SHP-2025-0119,2026-02-05,African Goods Co,South Africa,LED Street Light Fixtures,94054090,2761,112.01,309259.61,USD,0.0,618.52,EXW,INMUN1,ZACPT,Hapag-Lloyd,20ft,25,Pacific Carrier,approved,3.0,9277.79,LC 90 days,received,52.0,Allcargo,TradeEase CHA
SHP-2025-0011,2026-02-06,African Goods Co,South Africa,LED Street Light Fixtures,94054090,5483,81.8,448509.4,USD,0.0,897.02,EXW,INMUN1,ZACPT,CMA CGM,40ft,19,CMA CGM Marco Polo,approved,3.0,13455.28,LC 90 days,received,62.0,Allcargo,XYZ Clearing
SHP-2025-0167,2026-02-06,Euro Trade GmbH,Germany,Cotton T-shirts 100% knitted,61091000,7788,5.08,39563.04,USD,1248.66,79.13,CIF,INMUN1,DEHAM,ONE,20ft,22,CMA CGM Libra,approved,2.0,791.26,LC 30 days,received,34.0,DHL Global,TradeEase CHA
SHP-2025-0004,2026-02-07,SG Merchants Pte,Singapore,LED Street Light Fixtures,94054090,861,82.36,70911.96,USD,796.28,141.82,FOB,INMAA1,SGSIN,Hapag-Lloyd,40ft,11,MSC Gulsun,approved,3.0,2127.36,LC 30 days,received,42.0,Kuehne Nagel,ABC Customs
SHP-2025-0093,2026-02-07,SG Merchants Pte,Singapore,Cotton T-shirts 100% knitted,61091000,3101,3.77,11690.77,USD,853.84,23.38,CFR,INMAA1,SGSIN,Maersk,40ft HC,9,Maersk Elba,approved,2.0,233.82,LC 30 days,pending,,DHL Global,XYZ Clearing
SHP-2025-0158,2026-02-09,Euro Trade GmbH,Germany,Embroidered Saree Silk,62114900,5291,39.79,210528.89,USD,1887.5,421.06,FOB,INMUN1,DEHAM,ONE,40ft HC,26,Maersk Elba,approved,2.0,4210.58,LC 30 days,received,36.0,Allcargo,TradeEase CHA
SHP-2025-0072,2026-02-09,Nippon Commerce KK,Japan,Basmati Rice Premium Grade,10063020,748,1.05,785.4,USD,849.64,1.57,CIF,INMUN1,JPTYO,Hapag-Lloyd,20ft,19,Ever Given II,approved,1.0,7.85,LC 30 days,received,53.0,Allcargo,TradeEase CHA
SHP-2025-0210,2026-02-11,SG Merchants Pte,Singapore,Leather Wallet Genuine Cow Hide,42021200,1532,9.33,14293.56,USD,999.97,28.59,CFR,INMAA1,SGSIN,Hapag-Lloyd,40ft HC,9,MSC Aurora,approved,1.8,257.28,LC 30 days,received,32.0,DB Schenker,TradeEase CHA
SHP-2025-0017,2026-02-11,London Imports Ltd,UK,LED Street Light Fixtures,94054090,1045,105.65,110404.25,USD,2137.34,220.81,CIF,INNSA1,GBFXT,ONE,40ft HC,26,Hapag Express,approved,3.0,3312.13,LC 60 days,pending,,Expeditors,ABC Customs
SHP-2025-0116,2026-02-11,SG Merchants Pte,Singapore,Automobile Brake Pads,87083010,6482,15.01,97294.82,USD,0.0,194.59,EXW,INMAA1,SGSIN,MSC,20ft,12,Pacific Carrier,approved,3.0,2918.84,LC 30 days,received,34.0,Kuehne Nagel,ABC Customs
SHP-2025-0154,2026-02-12,Nippon Commerce KK,Japan,Black Pepper Ground Organic,09041100,7420,7.66,56837.2,USD,1806.55,113.67,CIF,INMUN1,JPTYO,Hapag-Lloyd,40ft HC,22,Ever Given II,approved,1.0,568.37,LC 30 days,received,39.0,Kuehne Nagel,ABC Customs
SHP-2025-0201,2026-02-13,London Imports Ltd,UK,Black Pepper Ground Organic,09041100,4960,7.16,35513.6,USD,2370.53,71.03,FOB,INNSA1,GBFXT,CMA CGM,40ft HC,24,CMA CGM Libra,approved,1.0,355.14,LC 60 days,pending,,DB Schenker,ABC Customs
SHP-2025-0192,2026-02-13,Euro Trade GmbH,Germany,Cotton T-shirts 100% knitted,61091000,4030,5.34,21520.2,USD,0.0,43.04,EXW,INMUN1,DEHAM,MSC,20ft,30,Indian Ocean Star,approved,2.0,430.4,LC 30 days,received,46.0,Expeditors,ABC Customs
SHP-2025-0170,2026-02-13,African Goods Co,South Africa,Basmati Rice Premium Grade,10063020,1278,1.39,1776.42,USD,1373.27,3.55,CIF,INMUN1,ZACPT,Maersk,40ft,23,Pacific Carrier,approved,1.0,17.76,LC 90 days,received,44.0,DB Schenker,XYZ Clearing
SHP-2025-0114,2026-02-15,Gulf Distributors LLC,UAE,Industrial Centrifugal Pump,84137000,655,503.92,330067.6,USD,708.41,660.14,FOB,INMUN1,AEJEA,Hapag-Lloyd,40ft HC,7,MSC Gulsun,approved,3.5,11552.37,Advance,partial,46.0,DB Schenker,XYZ Clearing
SHP-2025-0035,2026-02-15,Pacific Traders Pty,Australia,Basmati Rice Premium Grade,10063020,2435,1.46,3555.1,USD,945.34,7.11,FOB,INMUN1,AUMEL,ONE,20ft,27,Pacific Carrier,approved,1.0,35.55,Open Account 45 days,received,36.0,DB Schenker,XYZ Clearing
SHP-2025-0250,2026-02-17,Global Mart Inc,USA,LED Street Light Fixtures,94054090,7615,107.33,817317.95,USD,1296.25,1634.64,FOB,INMUN1,USLAX,Maersk,20ft,34,CMA CGM Marco Polo,pending,3.0,24519.54,LC 60 days,received,53.0,Kuehne Nagel,XYZ Clearing
SHP-2025-0020,2026-02-18,Global Mart Inc,USA,Leather Wallet Genuine Cow Hide,42021200,3274,8.5,27829.0,USD,2265.11,55.66,CIF,INMUN1,USLAX,Hapag-Lloyd,40ft HC,24,ONE Cosmos,approved,1.8,500.92,LC 60 days,received,55.0,DB Schenker,TradeEase CHA
SHP-2025-0096,2026-02-18,Nippon Commerce KK,Japan,Basmati Rice Premium Grade,10063020,1466,1.61,2360.26,USD,1552.75,4.72,FOB,INMUN1,JPTYO,CMA CGM,40ft HC,17,Ever Given II,approved,1.0,23.6,LC 30 days,received,54.0,Allcargo,XYZ Clearing
SHP-2025-0027,2026-02-19,Pacific Traders Pty,Australia,Embroidered Saree Silk,62114900,3575,49.58,177248.5,USD,1011.33,354.5,CIF,INMUN1,AUMEL,MSC,20ft,24,MSC Aurora,approved,2.0,3544.97,Open Account 45 days,pending,,Expeditors,TradeEase CHA
SHP-2025-0033,2026-02-19,Global Mart Inc,USA,Stainless Steel Kitchen Utensils,73239300,3878,3.88,15046.64,USD,1312.07,30.09,FOB,INMUN1,USLAX,CMA CGM,20ft,25,Ever Given II,approved,2.0,300.93,LC 60 days,received,58.0,Kuehne Nagel,TradeEase CHA
SHP-2025-0233,2026-02-20,African Goods Co,South Africa,Embroidered Saree Silk,62114900,4636,44.62,206858.32,USD,1684.61,413.72,CIF,INMUN1,ZACPT,ONE,40ft HC,18,MSC Gulsun,approved,2.0,4137.17,LC 90 days,received,57.0,Allcargo,TradeEase CHA
SHP-2025-0178,2026-02-21,Nippon Commerce KK,Japan,Industrial Centrifugal Pump,84137000,1089,642.03,699170.67,USD,1622.02,1398.34,FOB,INMUN1,JPTYO,Maersk,40ft HC,18,Maersk Taurus,approved,3.5,24470.97,LC 30 days,received,35.0,DB Schenker,ABC Customs
SHP-2025-0049,2026-02-21,Nippon Commerce KK,Japan,Stainless Steel Kitchen Utensils,73239300,3546,3.16,11205.36,USD,953.36,22.41,FOB,INMUN1,JPTYO,ONE,20ft,22,Maersk Taurus,approved,2.0,224.11,LC 30 days,received,43.0,Expeditors,ABC Customs
SHP-2025-0214,2026-02-23,African Goods Co,South Africa,LED Street Light Fixtures,94054090,6803,67.18,457025.54,USD,1818.81,914.05,FOB,INMUN1,ZACPT,Hapag-Lloyd,40ft HC,20,Indian Ocean Star,approved,3.0,13710.77,LC 90 days,received,52.0,Kuehne Nagel,XYZ Clearing
SHP-2025-0117,2026-02-23,Global Mart Inc,USA,Industrial Centrifugal Pump,84137000,751,547.09,410864.59,USD,0.0,821.73,EXW,INMUN1,USLAX,Hapag-Lloyd,40ft,31,Maersk Elba,approved,3.5,14380.26,LC 60 days,received,55.0,Expeditors,ABC Customs
SHP-2025-0131,2026-02-24,SG Merchants Pte,Singapore,Leather Wallet Genuine Cow Hide,42021200,5087,11.09,56414.83,USD,886.7,112.83,CFR,INMAA1,SGSIN,ONE,40ft,10,Indian Ocean Star,pending,1.8,1015.47,LC 30 days,received,30.0,Expeditors,XYZ Clearing
SHP-2025-0059,2026-02-25,African Goods Co,South Africa,Leather Wallet Genuine Cow Hide,42021200,4713,8.9,41945.7,USD,1023.38,83.89,CFR,INMUN1,ZACPT,Maersk,20ft,23,Maersk Elba,approved,1.8,755.02,LC 90 days,pending,,DHL Global,XYZ Clearing
SHP-2025-0203,2026-02-25,Gulf Distributors LLC,UAE,Automobile Brake Pads,87083010,2048,13.87,28405.76,USD,715.65,56.81,FOB,INMUN1,AEJEA,CMA CGM,40ft,8,Ever Given II,approved,3.0,852.17,Advance,received,19.0,Kuehne Nagel,XYZ Clearing
SHP-2025-0108,2026-02-26,Global Mart Inc,USA,Leather Wallet Genuine Cow Hide,42021200,4875,11.44,55770.0,USD,2071.31,111.54,FOB,INMUN1,USLAX,Maersk,40ft HC,28,Maersk Elba,approved,1.8,1003.86,LC 60 days,received,36.0,DHL Global,ABC Customs
SHP-2025-0144,2026-02-26,African Goods Co,South Africa,Basmati Rice Premium Grade,10063020,3832,1.18,4521.76,USD,1807.21,9.04,FOB,INMUN1,ZACPT,ONE,40ft HC,19,Hapag Express,pending,1.0,45.22,LC 90 days,received,70.0,DB Schenker,XYZ Clearing
SHP-2025-0012,2026-02-27,Euro Trade GmbH,Germany,Cotton T-shirts 100% knitted,61091000,7447,3.57,26585.79,USD,1206.21,53.17,CIF,INMUN1,DEHAM,Maersk,20ft,27,MSC Gulsun,approved,2.0,531.72,LC 30 days,received,28.0,Kuehne Nagel,XYZ Clearing
SHP-2025-0088,2026-02-28,African Goods Co,South Africa,Stainless Steel Kitchen Utensils,73239300,2514,3.61,9075.54,USD,1360.4,18.15,FOB,INMUN1,ZACPT,ONE,40ft,21,CMA CGM Marco Polo,approved,2.0,181.51,LC 90 days,received,69.0,Kuehne Nagel,ABC Customs
